{
  "project_info": {
    "project_number": "739609552710",
    "project_id": "team-2ee81",
    "storage_bucket": "team-2ee81.appspot.com"
  },
  "client": [
    {
      "client_info": {
        "mobilesdk_app_id": "1:739609552710:android:e8d49ea14488748bdc2747",
        "android_client_info": {
          "package_name": "com.example.a7team"
        }
      },
      "oauth_client": [
        {
          "client_id": "739609552710-5qot7dv8l3lcpr2o1qpbu564p3uh4u2t.apps.googleusercontent.com",
          "client_type": 1,
          "android_info": {
            "package_name": "com.example.a7team",
            "certificate_hash": "7096eaf5e3a30bd5a29e0b22e2687c67857e4288"
          }
        },
        {
          "client_id": "739609552710-p7ogbmk0m8ujcn3ms63en8hmnpjn1me2.apps.googleusercontent.com",
          "client_type": 3
        }
      ],
      "api_key": [
        {
          "current_key": "AIzaSyC3OaIIny5XLaJdyTCmrLuQ_19oO7oVlwI"
        }
      ],
      "services": {
        "appinvite_service": {
          "other_platform_oauth_client": [
            {
              "client_id": "739609552710-p7ogbmk0m8ujcn3ms63en8hmnpjn1me2.apps.googleusercontent.com",
              "client_type": 3
            }
          ]
        }
      }
    }
  ],
  "configuration_version": "1"
}